	Kingdom	Phylum	Class	Order	Family	Genus	Species
ASV_1	Bacteria	Firmicutes	Bacilli	Lactobacillales	Streptococcaceae	Lactococcus	lactis
ASV_2	Bacteria	Bacteroidota	Bacteroidia	Bacteroidales	Bacteroidaceae	Bacteroides	caccae
ASV_3	Bacteria	Firmicutes	Clostridia	Lachnospirales	Lachnospiraceae	Lachnospiraceae UCG-006	NA
ASV_4	Bacteria	Bacteroidota	Bacteroidia	Bacteroidales	Muribaculaceae	NA	NA
ASV_5	Bacteria	Firmicutes	Clostridia	Lachnospirales	Lachnospiraceae	Lachnospiraceae UCG-006	NA
ASV_6	Bacteria	Bacteroidota	Bacteroidia	Bacteroidales	Tannerellaceae	Parabacteroides	goldsteinii
ASV_7	Bacteria	Firmicutes	Clostridia	Lachnospirales	Lachnospiraceae	NA	NA
ASV_8	Bacteria	Firmicutes	Clostridia	Lachnospirales	Lachnospiraceae	A2	NA
ASV_9	Bacteria	Firmicutes	Bacilli	Erysipelotrichales	Erysipelatoclostridiaceae	Erysipelatoclostridium	NA
ASV_10	Bacteria	Deferribacterota	Deferribacteres	Deferribacterales	Deferribacteraceae	Mucispirillum	schaedleri
ASV_11	Bacteria	Bacteroidota	Bacteroidia	Bacteroidales	Bacteroidaceae	Bacteroides	intestinalis
ASV_12	Bacteria	Firmicutes	Clostridia	Lachnospirales	Lachnospiraceae	NA	NA
ASV_13	Bacteria	Firmicutes	Clostridia	Lachnospirales	Lachnospiraceae	Lachnospiraceae NK4A136 group	NA
ASV_14	Bacteria	Firmicutes	Bacilli	Lactobacillales	Lactobacillaceae	Ligilactobacillus	NA
ASV_15	Bacteria	Bacteroidota	Bacteroidia	Bacteroidales	Rikenellaceae	Alistipes	finegoldii
ASV_16	Bacteria	Firmicutes	Clostridia	Lachnospirales	Lachnospiraceae	[Ruminococcus] torques group	NA
ASV_17	Bacteria	Firmicutes	Clostridia	Lachnospirales	Lachnospiraceae	NA	NA
ASV_18	Bacteria	Firmicutes	Clostridia	Lachnospirales	Lachnospiraceae	Lachnospiraceae NK4A136 group	NA
ASV_19	Bacteria	Firmicutes	Clostridia	Lachnospirales	Lachnospiraceae	Lachnospiraceae NK4A136 group	bacterium
ASV_20	Bacteria	Firmicutes	Clostridia	Oscillospirales	Ruminococcaceae	Anaerotruncus	NA
ASV_21	Bacteria	Firmicutes	Clostridia	Lachnospirales	Lachnospiraceae	Lachnoclostridium	NA
ASV_22	Bacteria	Firmicutes	Clostridia	Lachnospirales	Lachnospiraceae	Lachnospiraceae NK4A136 group	NA
ASV_23	Bacteria	Firmicutes	Clostridia	Lachnospirales	Lachnospiraceae	Lachnospiraceae FCS020 group	NA
ASV_24	Bacteria	Firmicutes	Clostridia	Lachnospirales	Lachnospiraceae	GCA-900066575	NA
ASV_25	Bacteria	Firmicutes	Clostridia	Lachnospirales	Lachnospiraceae	NA	NA
ASV_26	Bacteria	Firmicutes	Clostridia	Lachnospirales	Lachnospiraceae	NA	NA
ASV_27	Bacteria	Firmicutes	Bacilli	Lactobacillales	Lactobacillaceae	Ligilactobacillus	NA
ASV_28	Bacteria	Firmicutes	Clostridia	Lachnospirales	Lachnospiraceae	Marvinbryantia	NA
ASV_29	Bacteria	Firmicutes	Clostridia	Lachnospirales	Lachnospiraceae	Lachnospiraceae UCG-006	NA
ASV_30	Bacteria	Firmicutes	Clostridia	Oscillospirales	Ruminococcaceae	Incertae Sedis	NA
ASV_31	Bacteria	Firmicutes	Clostridia	Lachnospirales	Lachnospiraceae	NA	NA
ASV_32	Bacteria	Firmicutes	Bacilli	Lactobacillales	Lactobacillaceae	Ligilactobacillus	NA
ASV_33	Bacteria	Firmicutes	Clostridia	Lachnospirales	Lachnospiraceae	NA	NA
ASV_34	Bacteria	Firmicutes	Clostridia	Peptococcales	Peptococcaceae	NA	NA
ASV_35	Bacteria	Firmicutes	Clostridia	Oscillospirales	Oscillospiraceae	NA	NA
ASV_36	Bacteria	Firmicutes	Clostridia	Lachnospirales	Lachnospiraceae	GCA-900066575	NA
ASV_37	Bacteria	Bacteroidota	Bacteroidia	Bacteroidales	Muribaculaceae	NA	NA
ASV_38	Bacteria	Firmicutes	Clostridia	Lachnospirales	Lachnospiraceae	NA	NA
ASV_39	Bacteria	Firmicutes	Clostridia	Lachnospirales	Lachnospiraceae	GCA-900066575	NA
ASV_40	Bacteria	Firmicutes	Clostridia	Lachnospirales	Lachnospiraceae	NA	NA
ASV_41	Bacteria	Firmicutes	Clostridia	Oscillospirales	Oscillospiraceae	Colidextribacter	NA
ASV_42	Bacteria	Bacteroidota	Bacteroidia	Bacteroidales	Muribaculaceae	NA	NA
ASV_43	Bacteria	Firmicutes	Clostridia	Clostridia UCG-014	NA	NA	NA
ASV_44	Bacteria	Firmicutes	Clostridia	Oscillospirales	Oscillospiraceae	Colidextribacter	NA
ASV_45	Bacteria	Firmicutes	Clostridia	Lachnospirales	Lachnospiraceae	NA	NA
ASV_46	Bacteria	Firmicutes	Clostridia	Lachnospirales	Lachnospiraceae	NA	NA
ASV_47	Bacteria	Actinobacteriota	Coriobacteriia	Coriobacteriales	Eggerthellaceae	Enterorhabdus	NA
ASV_48	Bacteria	Firmicutes	Clostridia	Lachnospirales	Lachnospiraceae	NA	NA
ASV_49	Bacteria	Firmicutes	Clostridia	Oscillospirales	Ruminococcaceae	Incertae Sedis	NA
ASV_50	Bacteria	Firmicutes	Clostridia	Lachnospirales	Lachnospiraceae	NA	NA
ASV_51	Bacteria	Firmicutes	Clostridia	Lachnospirales	Lachnospiraceae	Lachnospiraceae FCS020 group	NA
ASV_52	Bacteria	Firmicutes	Clostridia	Peptostreptococcales-Tissierellales	Anaerovoracaceae	Family XIII AD3011 group	NA
ASV_53	Bacteria	Firmicutes	Clostridia	Lachnospirales	Lachnospiraceae	Lachnospiraceae NK4A136 group	NA
ASV_54	Bacteria	Firmicutes	Clostridia	Lachnospirales	Lachnospiraceae	NA	NA
ASV_55	Bacteria	Firmicutes	Clostridia	Lachnospirales	Lachnospiraceae	Lachnoclostridium	NA
ASV_56	Bacteria	Bacteroidota	Bacteroidia	Bacteroidales	Bacteroidaceae	Bacteroides	acidifaciens
ASV_57	Bacteria	Bacteroidota	Bacteroidia	Bacteroidales	Muribaculaceae	NA	NA
ASV_58	Bacteria	Firmicutes	Clostridia	Lachnospirales	Lachnospiraceae	Lachnoclostridium	NA
ASV_59	Bacteria	Firmicutes	Clostridia	Lachnospirales	Lachnospiraceae	Lachnospiraceae NK4A136 group	NA
ASV_60	Bacteria	Firmicutes	Clostridia	Lachnospirales	Lachnospiraceae	NA	NA
ASV_61	Bacteria	Firmicutes	Clostridia	Lachnospirales	Lachnospiraceae	Blautia	coccoides
ASV_62	Bacteria	Firmicutes	Clostridia	Oscillospirales	Oscillospiraceae	Oscillibacter	NA
ASV_63	Bacteria	Firmicutes	Bacilli	Lactobacillales	Streptococcaceae	Lactococcus	lactis
ASV_64	Bacteria	Firmicutes	Clostridia	Lachnospirales	Lachnospiraceae	NA	NA
ASV_65	Bacteria	Firmicutes	Clostridia	Lachnospirales	Lachnospiraceae	Lachnoclostridium	NA
ASV_66	Bacteria	Bacteroidota	Bacteroidia	Bacteroidales	Muribaculaceae	NA	NA
ASV_67	Bacteria	Proteobacteria	Gammaproteobacteria	Burkholderiales	Sutterellaceae	Parasutterella	NA
ASV_68	Bacteria	Firmicutes	Bacilli	Erysipelotrichales	Erysipelatoclostridiaceae	Erysipelatoclostridium	NA
ASV_69	Bacteria	Firmicutes	Clostridia	Lachnospirales	Lachnospiraceae	NA	NA
ASV_70	Bacteria	Firmicutes	Bacilli	Lactobacillales	Streptococcaceae	Lactococcus	lactis
ASV_71	Bacteria	Firmicutes	Clostridia	Lachnospirales	Lachnospiraceae	Lachnospiraceae NK4A136 group	NA
ASV_72	Bacteria	Firmicutes	Clostridia	Lachnospirales	Lachnospiraceae	Lachnoclostridium	NA
ASV_73	Bacteria	Bacteroidota	Bacteroidia	Bacteroidales	Rikenellaceae	Alistipes	NA
ASV_74	Bacteria	Firmicutes	Bacilli	Lactobacillales	Streptococcaceae	Lactococcus	lactis
ASV_75	Bacteria	Firmicutes	Bacilli	Lactobacillales	Lactobacillaceae	Ligilactobacillus	NA
ASV_76	Bacteria	Firmicutes	Bacilli	Lactobacillales	Streptococcaceae	Lactococcus	lactis
ASV_77	Bacteria	Firmicutes	Clostridia	Lachnospirales	Lachnospiraceae	NA	NA
ASV_78	Bacteria	Firmicutes	Clostridia	Lachnospirales	Lachnospiraceae	NA	NA
ASV_79	Bacteria	Firmicutes	Clostridia	Clostridia UCG-014	NA	NA	NA
ASV_80	Bacteria	Firmicutes	Clostridia	Clostridia UCG-014	NA	NA	NA
ASV_81	Bacteria	Actinobacteriota	Coriobacteriia	Coriobacteriales	Eggerthellaceae	Enterorhabdus	NA
ASV_82	Bacteria	Firmicutes	Clostridia	Monoglobales	Monoglobaceae	Monoglobus	NA
ASV_83	Bacteria	Firmicutes	Clostridia	Lachnospirales	Lachnospiraceae	Lachnospiraceae NK4A136 group	NA
ASV_84	Bacteria	Firmicutes	Bacilli	Lactobacillales	Streptococcaceae	Lactococcus	lactis
ASV_85	Bacteria	Firmicutes	Clostridia	Lachnospirales	Lachnospiraceae	NA	NA
ASV_86	Bacteria	Firmicutes	Bacilli	Lactobacillales	Streptococcaceae	Lactococcus	lactis
ASV_87	Bacteria	Firmicutes	Clostridia	Lachnospirales	Lachnospiraceae	NA	NA
ASV_88	Bacteria	Bacteroidota	Bacteroidia	Bacteroidales	Bacteroidaceae	Bacteroides	caccae
ASV_89	Bacteria	Firmicutes	Bacilli	Lactobacillales	Enterococcaceae	Enterococcus	NA
ASV_90	Bacteria	Bacteroidota	Bacteroidia	Bacteroidales	Bacteroidaceae	Bacteroides	caccae
ASV_91	Bacteria	Firmicutes	Clostridia	Peptostreptococcales-Tissierellales	Anaerovoracaceae	[Eubacterium] nodatum group	NA
ASV_92	Bacteria	Firmicutes	Clostridia	Lachnospirales	Lachnospiraceae	Lachnospiraceae NK4A136 group	NA
ASV_93	Bacteria	Firmicutes	Clostridia	Oscillospirales	Oscillospiraceae	Intestinimonas	NA
ASV_94	Bacteria	Bacteroidota	Bacteroidia	Bacteroidales	Muribaculaceae	NA	NA
ASV_95	Bacteria	Firmicutes	Bacilli	Lactobacillales	Enterococcaceae	Enterococcus	saccharolyticus
ASV_96	Bacteria	Firmicutes	Bacilli	Lactobacillales	Streptococcaceae	Lactococcus	lactis
ASV_97	Bacteria	Firmicutes	Clostridia	Oscillospirales	Oscillospiraceae	Colidextribacter	NA
ASV_98	Bacteria	Firmicutes	Clostridia	Lachnospirales	Lachnospiraceae	Lachnoclostridium	NA
ASV_99	Bacteria	Firmicutes	Clostridia	Oscillospirales	Ruminococcaceae	NA	NA
ASV_100	Bacteria	Firmicutes	Clostridia	Lachnospirales	Lachnospiraceae	NA	NA
ASV_101	Bacteria	Firmicutes	Clostridia	Oscillospirales	Ruminococcaceae	Incertae Sedis	NA
ASV_102	Bacteria	Firmicutes	Clostridia	Lachnospirales	Lachnospiraceae	NA	NA
ASV_103	Bacteria	Firmicutes	Clostridia	Oscillospirales	Oscillospiraceae	Intestinimonas	NA
ASV_104	Bacteria	Firmicutes	Bacilli	Lactobacillales	Streptococcaceae	Lactococcus	lactis
ASV_105	Bacteria	Firmicutes	Clostridia	Lachnospirales	Lachnospiraceae	NA	NA
ASV_106	Bacteria	Proteobacteria	Gammaproteobacteria	Enterobacterales	Enterobacteriaceae	Escherichia-Shigella	coli
ASV_107	Bacteria	Firmicutes	Bacilli	Lactobacillales	Streptococcaceae	Lactococcus	lactis
ASV_108	Bacteria	Firmicutes	Clostridia	Lachnospirales	Lachnospiraceae	Blautia	coccoides
ASV_109	Bacteria	Bacteroidota	Bacteroidia	Bacteroidales	Bacteroidaceae	Bacteroides	caccae
ASV_110	Bacteria	Firmicutes	Clostridia	Lachnospirales	Lachnospiraceae	NA	NA
ASV_111	Bacteria	Firmicutes	Clostridia	Lachnospirales	Lachnospiraceae	Lachnospiraceae UCG-006	NA
ASV_112	Bacteria	Firmicutes	Bacilli	Lactobacillales	Streptococcaceae	Lactococcus	lactis
ASV_113	Bacteria	Bacteroidota	Bacteroidia	Bacteroidales	Bacteroidaceae	Bacteroides	caccae
ASV_114	Bacteria	Firmicutes	Clostridia	Lachnospirales	Lachnospiraceae	NA	NA
ASV_115	Bacteria	Firmicutes	Bacilli	Lactobacillales	Streptococcaceae	Lactococcus	lactis
ASV_116	Bacteria	Firmicutes	Bacilli	Lactobacillales	Streptococcaceae	Lactococcus	lactis
ASV_117	Bacteria	Firmicutes	Bacilli	Lactobacillales	Streptococcaceae	Lactococcus	lactis
ASV_118	Bacteria	Firmicutes	Clostridia	Lachnospirales	Lachnospiraceae	NA	NA
ASV_119	Bacteria	Firmicutes	Clostridia	Lachnospirales	Lachnospiraceae	[Eubacterium] xylanophilum group	NA
ASV_120	Bacteria	Firmicutes	Clostridia	Lachnospirales	Lachnospiraceae	NA	NA
ASV_121	Bacteria	Firmicutes	Clostridia	Lachnospirales	Lachnospiraceae	Lachnoclostridium	NA
ASV_122	Bacteria	Bacteroidota	Bacteroidia	Bacteroidales	Bacteroidaceae	Bacteroides	caccae
ASV_123	Bacteria	Firmicutes	Clostridia	Lachnospirales	Lachnospiraceae	Lachnospiraceae UCG-006	NA
ASV_124	Bacteria	Firmicutes	Clostridia	Lachnospirales	Lachnospiraceae	Lachnospiraceae NK4A136 group	NA
ASV_125	Bacteria	Firmicutes	Clostridia	Lachnospirales	Lachnospiraceae	Lachnospiraceae UCG-004	NA
ASV_126	Bacteria	Firmicutes	Clostridia	NA	NA	NA	NA
ASV_127	Bacteria	Firmicutes	Clostridia	Lachnospirales	Lachnospiraceae	NA	NA
ASV_128	Bacteria	Firmicutes	Clostridia	Oscillospirales	Ruminococcaceae	NA	NA
ASV_129	Bacteria	Firmicutes	Clostridia	Oscillospirales	Ruminococcaceae	NA	NA
ASV_130	Bacteria	Firmicutes	Clostridia	Lachnospirales	Lachnospiraceae	Lachnospiraceae NK4A136 group	NA
ASV_131	Bacteria	Bacteroidota	Bacteroidia	Bacteroidales	Muribaculaceae	NA	NA
ASV_132	Bacteria	Cyanobacteria	Cyanobacteriia	Chloroplast	NA	NA	NA
ASV_133	Bacteria	Firmicutes	Bacilli	Lactobacillales	Lactobacillaceae	Limosilactobacillus	NA
ASV_134	Bacteria	Firmicutes	Bacilli	Lactobacillales	Streptococcaceae	Lactococcus	lactis
ASV_135	Bacteria	Firmicutes	Bacilli	Lactobacillales	Streptococcaceae	Lactococcus	lactis
ASV_136	Bacteria	Firmicutes	Bacilli	Lactobacillales	Streptococcaceae	Lactococcus	lactis
ASV_137	Bacteria	Firmicutes	Bacilli	Lactobacillales	Streptococcaceae	Lactococcus	lactis
ASV_138	Bacteria	Firmicutes	Bacilli	Lactobacillales	Streptococcaceae	Lactococcus	lactis
ASV_139	Bacteria	Firmicutes	Clostridia	Lachnospirales	Lachnospiraceae	Tuzzerella	NA
ASV_140	Bacteria	Firmicutes	Clostridia	Oscillospirales	Ruminococcaceae	NA	NA
ASV_141	Bacteria	Firmicutes	Clostridia	Lachnospirales	Lachnospiraceae	Lachnospiraceae FCS020 group	NA
ASV_142	Bacteria	Firmicutes	Bacilli	Erysipelotrichales	Erysipelatoclostridiaceae	Candidatus Stoquefichus	NA
ASV_143	Bacteria	Firmicutes	Clostridia	Lachnospirales	Lachnospiraceae	Lachnospiraceae NK4A136 group	NA
ASV_144	Bacteria	Firmicutes	Clostridia	Lachnospirales	Lachnospiraceae	NA	NA
ASV_145	Bacteria	Firmicutes	Clostridia	Lachnospirales	Lachnospiraceae	NA	NA
ASV_146	Bacteria	Firmicutes	Bacilli	Lactobacillales	Streptococcaceae	Lactococcus	lactis
ASV_147	Bacteria	Firmicutes	Clostridia	Lachnospirales	Lachnospiraceae	NA	NA
ASV_148	Bacteria	Firmicutes	Clostridia	Lachnospirales	Lachnospiraceae	NA	NA
ASV_149	Bacteria	Firmicutes	Clostridia	Oscillospirales	Butyricicoccaceae	UCG-009	NA
ASV_150	Bacteria	Firmicutes	Clostridia	Oscillospirales	Ruminococcaceae	Negativibacillus	NA
ASV_151	Bacteria	Firmicutes	Clostridia	Clostridia vadinBB60 group	NA	NA	NA
ASV_152	Bacteria	Firmicutes	Clostridia	Oscillospirales	Oscillospiraceae	Colidextribacter	NA
ASV_153	Bacteria	Firmicutes	Clostridia	Lachnospirales	Lachnospiraceae	NA	NA
ASV_154	Bacteria	Bacteroidota	Bacteroidia	Bacteroidales	Muribaculaceae	NA	NA
ASV_155	Bacteria	Firmicutes	Clostridia	Peptococcales	Peptococcaceae	NA	NA
ASV_156	Bacteria	Firmicutes	Clostridia	Lachnospirales	Lachnospiraceae	NA	NA
ASV_157	Bacteria	Proteobacteria	Gammaproteobacteria	Xanthomonadales	Xanthomonadaceae	Stenotrophomonas	maltophilia
ASV_158	Bacteria	Firmicutes	Clostridia	Lachnospirales	Lachnospiraceae	Lachnospiraceae NK4A136 group	NA
ASV_159	Bacteria	Firmicutes	Clostridia	Lachnospirales	Lachnospiraceae	NA	NA
ASV_160	Bacteria	Firmicutes	Clostridia	Lachnospirales	Lachnospiraceae	Lachnoclostridium	NA
ASV_161	Bacteria	Firmicutes	Clostridia	Lachnospirales	Lachnospiraceae	NA	NA
ASV_162	Bacteria	Firmicutes	Clostridia	Oscillospirales	Ruminococcaceae	Anaerotruncus	NA
ASV_163	Bacteria	Firmicutes	Clostridia	Lachnospirales	Lachnospiraceae	Lachnoclostridium	NA
ASV_164	Bacteria	Firmicutes	Clostridia	Lachnospirales	Lachnospiraceae	[Ruminococcus] torques group	NA
ASV_165	Bacteria	Firmicutes	Clostridia	Peptococcales	Peptococcaceae	Peptococcus	NA
ASV_166	Bacteria	Firmicutes	Clostridia	Oscillospirales	Oscillospiraceae	Intestinimonas	NA
ASV_167	Bacteria	Firmicutes	Clostridia	Lachnospirales	Lachnospiraceae	Lachnospiraceae NK4A136 group	NA
ASV_168	Bacteria	Firmicutes	Clostridia	Oscillospirales	Oscillospiraceae	Colidextribacter	NA
ASV_169	Bacteria	Firmicutes	Clostridia	Clostridiales	Clostridiaceae	Clostridium sensu stricto 12	pasteurianum
ASV_170	Bacteria	Proteobacteria	Gammaproteobacteria	Enterobacterales	Enterobacteriaceae	Escherichia-Shigella	coli
ASV_171	Bacteria	Firmicutes	Clostridia	Oscillospirales	Ruminococcaceae	NA	NA
ASV_172	Bacteria	Firmicutes	Clostridia	Lachnospirales	Lachnospiraceae	Lachnospiraceae NK4A136 group	NA
ASV_173	Bacteria	Firmicutes	Clostridia	Lachnospirales	Lachnospiraceae	GCA-900066575	NA
ASV_174	Bacteria	Firmicutes	Clostridia	Oscillospirales	Oscillospiraceae	Colidextribacter	NA
ASV_175	Bacteria	Firmicutes	Clostridia	Oscillospirales	Oscillospiraceae	Intestinimonas	NA
ASV_176	Bacteria	Proteobacteria	Gammaproteobacteria	Pseudomonadales	Pseudomonadaceae	Pseudomonas	azotoformans
ASV_177	Bacteria	Firmicutes	Clostridia	Lachnospirales	Lachnospiraceae	GCA-900066575	NA
ASV_178	Bacteria	Proteobacteria	Gammaproteobacteria	Pseudomonadales	Pseudomonadaceae	Pseudomonas	yamanorum
ASV_179	Bacteria	Firmicutes	Clostridia	Lachnospirales	Lachnospiraceae	Roseburia	NA
ASV_180	Bacteria	Firmicutes	Clostridia	Lachnospirales	Lachnospiraceae	[Eubacterium] xylanophilum group	NA
ASV_181	Bacteria	Firmicutes	Bacilli	Lactobacillales	Lactobacillaceae	Limosilactobacillus	NA
ASV_182	Bacteria	Firmicutes	Bacilli	Lactobacillales	Lactobacillaceae	Lactobacillus	hominis
ASV_183	Bacteria	Bacteroidota	Bacteroidia	Bacteroidales	Muribaculaceae	NA	NA
ASV_184	Bacteria	Proteobacteria	Gammaproteobacteria	Pseudomonadales	Pseudomonadaceae	Pseudomonas	protegens
ASV_185	Bacteria	Proteobacteria	Gammaproteobacteria	Enterobacterales	Aeromonadaceae	Aeromonas	salmonicida
ASV_186	Bacteria	Firmicutes	Clostridia	Clostridia vadinBB60 group	NA	NA	NA
ASV_187	Bacteria	Firmicutes	Clostridia	Peptostreptococcales-Tissierellales	Peptostreptococcaceae	Romboutsia	ilealis
ASV_188	Bacteria	Firmicutes	Clostridia	Lachnospirales	Lachnospiraceae	NA	NA
ASV_189	Bacteria	Actinobacteriota	Coriobacteriia	Coriobacteriales	Eggerthellaceae	Enterorhabdus	NA
ASV_190	Bacteria	Firmicutes	Clostridia	Lachnospirales	Lachnospiraceae	NA	NA
ASV_191	Bacteria	Firmicutes	Clostridia	Oscillospirales	Oscillospiraceae	Oscillibacter	NA
ASV_192	Bacteria	Firmicutes	Clostridia	Lachnospirales	Lachnospiraceae	NA	NA
ASV_193	Bacteria	Firmicutes	Clostridia	Lachnospirales	Lachnospiraceae	A2	NA
ASV_194	Bacteria	NA	NA	NA	NA	NA	NA
ASV_195	Bacteria	Firmicutes	Bacilli	Lactobacillales	Streptococcaceae	Streptococcus	respiraculi
ASV_196	Bacteria	Firmicutes	Clostridia	Lachnospirales	Lachnospiraceae	Roseburia	NA
ASV_197	Bacteria	Firmicutes	Clostridia	Lachnospirales	Lachnospiraceae	Lachnoclostridium	NA
ASV_198	Bacteria	NA	NA	NA	NA	NA	NA
ASV_199	Bacteria	Firmicutes	Clostridia	Lachnospirales	Lachnospiraceae	Lachnoclostridium	NA
ASV_200	Bacteria	Actinobacteriota	Coriobacteriia	Coriobacteriales	Eggerthellaceae	NA	NA
ASV_201	Bacteria	Bacteroidota	Bacteroidia	Flavobacteriales	Flavobacteriaceae	Flavobacterium	NA
ASV_202	Bacteria	Proteobacteria	Gammaproteobacteria	Enterobacterales	Morganellaceae	Buchnera	aphidicola
ASV_203	Bacteria	Firmicutes	Clostridia	Lachnospirales	Lachnospiraceae	Lachnospiraceae NK4A136 group	NA
ASV_204	Bacteria	Proteobacteria	Alphaproteobacteria	Rickettsiales	Mitochondria	NA	NA
ASV_205	Bacteria	Proteobacteria	Gammaproteobacteria	Xanthomonadales	Xanthomonadaceae	Arenimonas	metalli
ASV_206	Bacteria	Firmicutes	Bacilli	Lactobacillales	Lactobacillaceae	Ligilactobacillus	NA
ASV_207	Bacteria	Firmicutes	Clostridia	Lachnospirales	Lachnospiraceae	Lachnoclostridium	NA
ASV_208	Bacteria	Firmicutes	Clostridia	Lachnospirales	Lachnospiraceae	Lachnoclostridium	NA
ASV_209	Bacteria	Firmicutes	Clostridia	Lachnospirales	Lachnospiraceae	ASF356	NA
ASV_210	NA	NA	NA	NA	NA	NA	NA
ASV_211	Bacteria	Bacteroidota	Bacteroidia	Flavobacteriales	Flavobacteriaceae	Flavobacterium	sasangense
ASV_212	Bacteria	Elusimicrobiota	Endomicrobia	Endomicrobiales	Endomicrobiaceae	Endomicrobium	NA
ASV_213	Bacteria	Proteobacteria	Alphaproteobacteria	Holosporales	Holosporaceae	NA	NA
ASV_214	Bacteria	Firmicutes	Clostridia	Lachnospirales	Lachnospiraceae	GCA-900066575	NA
ASV_215	Bacteria	Proteobacteria	Gammaproteobacteria	Enterobacterales	Erwiniaceae	Pantoea	ananatis
ASV_216	Bacteria	Bacteroidota	Bacteroidia	Flavobacteriales	Flavobacteriaceae	Flavobacterium	columnare
ASV_217	Bacteria	Bacteroidota	Bacteroidia	Bacteroidales	Rikenellaceae	Alistipes	NA
ASV_218	Bacteria	Bacteroidota	Bacteroidia	Bacteroidales	Dysgonomonadaceae	NA	NA
ASV_219	Bacteria	Firmicutes	Clostridia	Peptostreptococcales-Tissierellales	Peptostreptococcaceae	Paeniclostridium	NA
ASV_220	Bacteria	Firmicutes	Clostridia	Lachnospirales	Lachnospiraceae	ASF356	NA
ASV_221	Bacteria	Firmicutes	Clostridia	Lachnospirales	Lachnospiraceae	Lachnoclostridium	NA
ASV_222	Bacteria	Firmicutes	Clostridia	Lachnospirales	Lachnospiraceae	ASF356	NA
ASV_223	Bacteria	Firmicutes	Clostridia	Lachnospirales	Lachnospiraceae	Lachnospiraceae NK4A136 group	NA
ASV_224	Bacteria	Proteobacteria	Gammaproteobacteria	Pseudomonadales	Moraxellaceae	Acinetobacter	haemolyticus
ASV_225	Bacteria	Nitrospirota	4-29-1	NA	NA	NA	NA
ASV_226	Bacteria	Bacteroidota	Bacteroidia	Flavobacteriales	Blattabacteriaceae	Blattabacterium	NA
ASV_227	Bacteria	Actinobacteriota	Actinobacteria	Propionibacteriales	Propionibacteriaceae	Cutibacterium	acnes
ASV_228	Bacteria	Firmicutes	Bacilli	Lactobacillales	Carnobacteriaceae	Carnobacterium	maltaromaticum
ASV_229	Bacteria	Actinobacteriota	Actinobacteria	Propionibacteriales	Propionibacteriaceae	Cutibacterium	acnes
ASV_230	Bacteria	Bacteroidota	Bacteroidia	Flavobacteriales	Blattabacteriaceae	Blattabacterium	NA
ASV_231	Bacteria	Firmicutes	Clostridia	Lachnospirales	Lachnospiraceae	Lachnospiraceae NK4A136 group	NA
ASV_232	Bacteria	Actinobacteriota	Actinobacteria	Corynebacteriales	Corynebacteriaceae	Corynebacterium	ureicelerivorans
ASV_233	Bacteria	Firmicutes	Bacilli	Lactobacillales	Streptococcaceae	Streptococcus	salivarius
ASV_234	Bacteria	NA	NA	NA	NA	NA	NA
ASV_235	Bacteria	Bacteroidota	Bacteroidia	Bacteroidales	Bacteroidaceae	Bacteroides	caccae
ASV_236	Bacteria	Firmicutes	Clostridia	Christensenellales	Christensenellaceae	Christensenellaceae R-7 group	NA
ASV_237	Bacteria	Firmicutes	Clostridia	Peptostreptococcales-Tissierellales	Peptostreptococcaceae	Paeniclostridium	NA
ASV_238	Bacteria	Acidobacteriota	Vicinamibacteria	Vicinamibacterales	Vicinamibacteraceae	NA	NA
ASV_239	Bacteria	Proteobacteria	Gammaproteobacteria	Xanthomonadales	Xanthomonadaceae	Arenimonas	subflava
ASV_240	Bacteria	Proteobacteria	Gammaproteobacteria	Burkholderiales	Comamonadaceae	Piscinibacter	NA
ASV_241	Bacteria	Firmicutes	Clostridia	Clostridiales	Clostridiaceae	Clostridium sensu stricto 1	NA
ASV_242	Bacteria	Firmicutes	Clostridia	Lachnospirales	Lachnospiraceae	NA	NA
ASV_243	Bacteria	Proteobacteria	Alphaproteobacteria	Rhizobiales	Rhizobiaceae	Allorhizobium-Neorhizobium-Pararhizobium-Rhizobium	NA
ASV_244	Bacteria	Firmicutes	Clostridia	Lachnospirales	Lachnospiraceae	NA	NA
ASV_245	Bacteria	Proteobacteria	Alphaproteobacteria	Rickettsiales	Mitochondria	NA	NA
ASV_246	Bacteria	Firmicutes	Bacilli	Staphylococcales	Staphylococcaceae	Staphylococcus	NA
ASV_247	Bacteria	Firmicutes	Clostridia	Lachnospirales	Lachnospiraceae	NA	NA
ASV_248	Bacteria	NA	NA	NA	NA	NA	NA
ASV_249	Bacteria	Firmicutes	Bacilli	Lactobacillales	Streptococcaceae	Streptococcus	uberis
ASV_250	Bacteria	Proteobacteria	Gammaproteobacteria	Xanthomonadales	Xanthomonadaceae	Stenotrophomonas	NA
ASV_251	Bacteria	Bacteroidota	Bacteroidia	Flavobacteriales	Flavobacteriaceae	Flavobacterium	hydatis
ASV_252	Bacteria	Proteobacteria	Alphaproteobacteria	Sphingomonadales	Sphingomonadaceae	Sphingomonas	NA
ASV_253	Bacteria	Proteobacteria	Gammaproteobacteria	Burkholderiales	Alcaligenaceae	Achromobacter	NA
ASV_254	Bacteria	Firmicutes	Bacilli	Lactobacillales	Streptococcaceae	Streptococcus	oralis
ASV_255	Bacteria	Firmicutes	Bacilli	Bacillales	Bacillaceae	Bacillus	thuringiensis
ASV_256	Bacteria	NA	NA	NA	NA	NA	NA
ASV_257	Bacteria	Firmicutes	Clostridia	Lachnospirales	Lachnospiraceae	Lachnoclostridium	NA
ASV_258	Bacteria	Firmicutes	Clostridia	Clostridia UCG-014	NA	NA	NA
ASV_259	Bacteria	Myxococcota	Polyangia	Polyangiales	Sandaracinaceae	NA	NA
ASV_260	Bacteria	Proteobacteria	Gammaproteobacteria	Pseudomonadales	Moraxellaceae	Acinetobacter	bereziniae
ASV_261	Bacteria	Firmicutes	Bacilli	Lactobacillales	Streptococcaceae	Streptococcus	NA
ASV_262	Bacteria	Proteobacteria	Alphaproteobacteria	Rhizobiales	Xanthobacteraceae	Rhodopseudomonas	NA
ASV_263	Bacteria	NA	NA	NA	NA	NA	NA
ASV_264	Bacteria	Proteobacteria	Alphaproteobacteria	Rhizobiales	Rhizobiaceae	Allorhizobium-Neorhizobium-Pararhizobium-Rhizobium	NA
ASV_265	Bacteria	Bacteroidota	Bacteroidia	Bacteroidetes VC2.1 Bac22	NA	NA	NA
ASV_266	Bacteria	Bacteroidota	Bacteroidia	Flavobacteriales	Flavobacteriaceae	Capnocytophaga	sputigena
ASV_267	Bacteria	Bacteroidota	Bacteroidia	Flavobacteriales	Weeksellaceae	Chryseobacterium	piperi
ASV_268	Bacteria	Firmicutes	Clostridia	Peptostreptococcales-Tissierellales	Anaerovoracaceae	[Eubacterium] nodatum group	NA
ASV_269	Bacteria	Actinobacteriota	Actinobacteria	Corynebacteriales	Corynebacteriaceae	Corynebacterium	tuberculostearicum
ASV_270	Bacteria	Firmicutes	Bacilli	Bacillales	Sporolactobacillaceae	Sporolactobacillus	NA
ASV_271	Bacteria	Proteobacteria	Gammaproteobacteria	R7C24	NA	NA	NA
ASV_272	Bacteria	Proteobacteria	Gammaproteobacteria	Enterobacterales	Erwiniaceae	Pantoea	vagans
ASV_273	Bacteria	Actinobacteriota	Actinobacteria	Micrococcales	Dermacoccaceae	Dermacoccus	NA
ASV_274	Bacteria	NA	NA	NA	NA	NA	NA
ASV_275	Bacteria	Proteobacteria	Alphaproteobacteria	Rhizobiales	Beijerinckiaceae	Methylobacterium-Methylorubrum	radiotolerans
ASV_276	Bacteria	Firmicutes	Negativicutes	Veillonellales-Selenomonadales	Selenomonadaceae	Megamonas	NA
ASV_277	Bacteria	Firmicutes	Clostridia	Lachnospirales	Lachnospiraceae	NA	NA
ASV_278	Bacteria	Proteobacteria	Gammaproteobacteria	Burkholderiales	Neisseriaceae	Neisseria	perflava
ASV_279	Bacteria	Actinobacteriota	Actinobacteria	Micromonosporales	Micromonosporaceae	Micromonospora	NA
ASV_280	Bacteria	Bacteroidota	Bacteroidia	Chitinophagales	Chitinophagaceae	Flavisolibacter	NA
ASV_281	Bacteria	Proteobacteria	Gammaproteobacteria	Burkholderiales	Burkholderiaceae	Pandoraea	apista
ASV_282	Bacteria	Actinobacteriota	Actinobacteria	Micrococcales	Microbacteriaceae	Microbacterium	oxydans
ASV_283	Bacteria	Proteobacteria	Gammaproteobacteria	Pseudomonadales	Moraxellaceae	Acinetobacter	radioresistens
ASV_284	Bacteria	NA	NA	NA	NA	NA	NA
ASV_285	Bacteria	Cyanobacteria	Cyanobacteriia	Chloroplast	NA	NA	NA
ASV_286	Bacteria	Chloroflexi	Anaerolineae	SJA-15	NA	NA	NA
ASV_287	Bacteria	Firmicutes	Clostridia	Peptostreptococcales-Tissierellales	Fusibacteraceae	Fusibacter	fontis
ASV_288	Bacteria	Proteobacteria	Alphaproteobacteria	Rickettsiales	Mitochondria	NA	NA
ASV_289	Bacteria	Proteobacteria	Alphaproteobacteria	Rickettsiales	Mitochondria	NA	NA
